{
  "train_loss": [
    0.6867102146148681,
    0.6763271961893355,
    0.6595529062407357,
    0.6536245686667306,
    0.6204805987221854,
    0.64402391740254,
    0.6205735530172075,
    0.5972031695502145,
    0.5905919917992183,
    0.5849142253398896,
    0.5719902796404702,
    0.5781435515199389,
    0.5483379951545171,
    0.5636616689818246,
    0.5534721442631313
  ],
  "train_acc": [
    0.5535714285714286,
    0.5553571428571429,
    0.5660714285714286,
    0.5714285714285714,
    0.5642857142857143,
    0.5321428571428571,
    0.6196428571428572,
    0.6142857142857143,
    0.5946428571428571,
    0.6321428571428571,
    0.625,
    0.65,
    0.6767857142857143,
    0.6446428571428572,
    0.6589285714285714
  ],
  "val_loss": [
    0.6959590677355156,
    0.743627016661597,
    0.7138479635363719,
    0.7247950766907364,
    0.6833375868250112,
    0.660912522527038,
    0.6785420912211059,
    0.651705295336051,
    0.6463751753822702,
    0.659928198720588,
    0.6775558229352607,
    0.6614899566916169,
    0.6570604961426532,
    0.6580318153881636,
    0.654886751878457
  ],
  "val_acc": [
    0.4918032786885246,
    0.3770491803278688,
    0.5,
    0.4344262295081967,
    0.5655737704918032,
    0.6229508196721312,
    0.5901639344262295,
    0.639344262295082,
    0.6721311475409836,
    0.6557377049180327,
    0.6229508196721312,
    0.6311475409836066,
    0.6311475409836066,
    0.6065573770491803,
    0.6557377049180327
  ],
  "val_precision": [
    0.660377358490566,
    0.6666666666666666,
    0.7647058823529411,
    0.6785714285714286,
    0.75,
    0.7538461538461538,
    0.7843137254901961,
    0.7868852459016393,
    0.8,
    0.8135593220338984,
    0.8113207547169812,
    0.8148148148148148,
    0.8269230769230769,
    0.803921568627451,
    0.8363636363636363
  ],
  "val_recall": [
    0.4430379746835443,
    0.0759493670886076,
    0.3291139240506329,
    0.24050632911392406,
    0.4936708860759494,
    0.620253164556962,
    0.5063291139240507,
    0.6075949367088608,
    0.6582278481012658,
    0.6075949367088608,
    0.5443037974683544,
    0.5569620253164557,
    0.5443037974683544,
    0.5189873417721519,
    0.5822784810126582
  ],
  "val_f1": [
    0.5303030303030303,
    0.13636363636363635,
    0.46017699115044247,
    0.35514018691588783,
    0.5954198473282443,
    0.6805555555555556,
    0.6153846153846154,
    0.6857142857142857,
    0.7222222222222222,
    0.6956521739130435,
    0.6515151515151515,
    0.6616541353383458,
    0.6564885496183206,
    0.6307692307692307,
    0.6865671641791045
  ],
  "val_auc": [
    0.5058875478363262,
    0.6143656167206358,
    0.6307035619664408,
    0.5967029732116573,
    0.6411539593759199,
    0.6549896967912864,
    0.6630850750662348,
    0.6779511333529584,
    0.7109214012363851,
    0.7057697968795995,
    0.7053282307918752,
    0.7128348542831912,
    0.7274065351780983,
    0.7257874595231086,
    0.7277009125699146
  ],
  "val_specificity": [
    0.5813953488372093,
    0.9302325581395349,
    0.813953488372093,
    0.7906976744186046,
    0.6976744186046512,
    0.627906976744186,
    0.7441860465116279,
    0.6976744186046512,
    0.6976744186046512,
    0.7441860465116279,
    0.7674418604651163,
    0.7674418604651163,
    0.7906976744186046,
    0.7674418604651163,
    0.7906976744186046
  ],
  "lr": [
    0.0003,
    2.9999999999999997e-05,
    2.9999999999999997e-05,
    2.957865635267775e-05,
    2.833911237197154e-05,
    2.6353405848480965e-05,
    2.3736938827601754e-05,
    2.0641770862116765e-05,
    1.7247781863702182e-05,
    1.3752218136297816e-05,
    1.0358229137883233e-05,
    7.263061172398241e-06,
    4.646594151519032e-06,
    2.6608876280284576e-06,
    1.4213436473222457e-06
  ],
  "overfit_gap": [
    0.009248853120647493,
    0.06729982047226157,
    0.05429505729563622,
    0.07117050802400582,
    0.0628569881028258,
    0.01688860512449808,
    0.05796853820389836,
    0.054502125785836575,
    0.0557831835830519,
    0.07501397338069848,
    0.10556554329479051,
    0.08334640517167802,
    0.10872250098813607,
    0.094370146406339,
    0.10141460761532572
  ],
  "epoch_time": [
    45.35896110534668,
    50.57314372062683,
    50.77231550216675,
    50.78716444969177,
    50.55425810813904,
    51.2701780796051,
    51.400816679000854,
    50.50375747680664,
    50.77842354774475,
    50.67037844657898,
    51.24237680435181,
    50.853959798812866,
    50.801636695861816,
    51.23161792755127,
    42.471843957901
  ],
  "training_time_seconds": 752.7752156257629,
  "best_epoch": 9
}