{
  "accuracy": 0.5427473656846497,
  "precision": 0.7254901960784313,
  "recall_sensitivity": 0.5441176470588235,
  "specificity": 0.7407407407407407,
  "f1_score": 0.6218487394957983,
  "f1_macro": 0.6309243697478992,
  "f1_weighted": 0.6298829039812646,
  "roc_auc": 0.7726034858387799,
  "average_precision": 0.7833470381472359,
  "matthews_corrcoef": 0.286857418555012,
  "cohen_kappa": 0.27591664468477983,
  "true_positives": 37,
  "true_negatives": 40,
  "false_positives": 14,
  "false_negatives": 31,
  "test_loss": 0.5970208830520755,
  "test_accuracy": 0.5427473656846497,
  "per_source_metrics": {
    "BUS_UC": {
      "n_images": 122,
      "accuracy": 0.6311475409836066,
      "precision": 0.7254901960784313,
      "recall": 0.5441176470588235,
      "specificity": 0.7407407407407407,
      "f1": 0.6218487394957983,
      "auc": 0.7726034858387799
    }
  },
  "case_level_metrics": {
    "accuracy": 0.6311475409836066,
    "precision": 0.7254901960784313,
    "recall_sensitivity": 0.5441176470588235,
    "specificity": 0.7407407407407407,
    "f1_score": 0.6218487394957983,
    "f1_macro": 0.6309243697478992,
    "f1_weighted": 0.6298829039812646,
    "roc_auc": 0.7726034858387799,
    "average_precision": 0.7833470381472359,
    "matthews_corrcoef": 0.286857418555012,
    "cohen_kappa": 0.27591664468477983,
    "true_positives": 37,
    "true_negatives": 40,
    "false_positives": 14,
    "false_negatives": 31,
    "n_cases_total": 122,
    "n_cases_evaluated": 122,
    "n_cases_ambiguous_skipped": 0
  },
  "image_level_metrics": {
    "accuracy": 0.6311475409836066,
    "precision": 0.7254901960784313,
    "recall_sensitivity": 0.5441176470588235,
    "specificity": 0.7407407407407407,
    "f1_score": 0.6218487394957983,
    "f1_macro": 0.6309243697478992,
    "f1_weighted": 0.6298829039812646,
    "roc_auc": 0.7726034858387799,
    "average_precision": 0.7833470381472359,
    "matthews_corrcoef": 0.286857418555012,
    "cohen_kappa": 0.27591664468477983,
    "true_positives": 37,
    "true_negatives": 40,
    "false_positives": 14,
    "false_negatives": 31,
    "n_images": 122
  },
  "evaluation_level": "case_level",
  "accuracy_point_estimate": 0.6311475409836066,
  "accuracy_ci95_lower": 0.5427473656846497,
  "accuracy_ci95_upper": 0.7115405645387424,
  "accuracy_reporting": "wilson_95_lower_bound"
}