{
  "train_loss": [
    0.6910000239099775,
    0.6580107382365635,
    0.6793592742511204,
    0.6672857982771737,
    0.6511060680661883,
    0.6538516589573451,
    0.6732580491474697,
    0.6678751111030579,
    0.6512852421828679
  ],
  "train_acc": [
    0.5285714285714286,
    0.5803571428571429,
    0.5321428571428571,
    0.5982142857142857,
    0.5357142857142857,
    0.5428571428571428,
    0.5303571428571429,
    0.5589285714285714,
    0.5607142857142857
  ],
  "val_loss": [
    0.6834438492040165,
    0.66762369773427,
    0.6777238064124936,
    0.6851774073037945,
    0.6860268897697573,
    0.6954376013552557,
    0.6805801616340387,
    0.6877716916506408,
    0.6734227743305143
  ],
  "val_acc": [
    0.5901639344262295,
    0.639344262295082,
    0.6639344262295082,
    0.6229508196721312,
    0.6475409836065574,
    0.5737704918032787,
    0.6475409836065574,
    0.5983606557377049,
    0.6147540983606558
  ],
  "val_precision": [
    0.7543859649122807,
    0.7397260273972602,
    0.7794117647058824,
    0.7704918032786885,
    0.8103448275862069,
    0.7755102040816326,
    0.78125,
    0.7777777777777778,
    0.75
  ],
  "val_recall": [
    0.5443037974683544,
    0.6835443037974683,
    0.6708860759493671,
    0.5949367088607594,
    0.5949367088607594,
    0.4810126582278481,
    0.6329113924050633,
    0.5316455696202531,
    0.6075949367088608
  ],
  "val_f1": [
    0.6323529411764706,
    0.7105263157894737,
    0.7210884353741497,
    0.6714285714285714,
    0.6861313868613139,
    0.59375,
    0.6993006993006993,
    0.631578947368421,
    0.6713286713286714
  ],
  "val_auc": [
    0.6367382984986754,
    0.6355607889314101,
    0.6410067706800117,
    0.6348248454518692,
    0.6411539593759198,
    0.6468943185163378,
    0.6438033559022668,
    0.6471886959081543,
    0.6382101854577569
  ],
  "val_specificity": [
    0.6744186046511628,
    0.5581395348837209,
    0.6511627906976745,
    0.6744186046511628,
    0.7441860465116279,
    0.7441860465116279,
    0.6744186046511628,
    0.7209302325581395,
    0.627906976744186
  ],
  "lr": [
    0.0003,
    2.9999999999999997e-05,
    2.9999999999999997e-05,
    2.957865635267775e-05,
    2.833911237197154e-05,
    2.6353405848480965e-05,
    2.3736938827601754e-05,
    2.0641770862116765e-05,
    1.7247781863702182e-05
  ],
  "overfit_gap": [
    -0.0075561747059610385,
    0.009612959497706464,
    -0.0016354678386267807,
    0.01789160902662079,
    0.03492082170356903,
    0.04158594239791058,
    0.007322112486568999,
    0.01989658054758292,
    0.022137532147646466
  ],
  "epoch_time": [
    44.99518132209778,
    45.53050446510315,
    44.9947235584259,
    44.805598974227905,
    44.62597608566284,
    44.5707151889801,
    44.96017026901245,
    45.5553092956543,
    45.66010499000549
  ],
  "training_time_seconds": 405.943772315979,
  "best_epoch": 2
}