{
  "accuracy": 0.5594452460573333,
  "precision": 0.7450980392156863,
  "recall_sensitivity": 0.5588235294117647,
  "specificity": 0.7592592592592593,
  "f1_score": 0.6386554621848739,
  "f1_macro": 0.647327731092437,
  "f1_weighted": 0.6463325526932084,
  "roc_auc": 0.7062908496732025,
  "average_precision": 0.7035764544007408,
  "matthews_corrcoef": 0.3203149759772983,
  "cohen_kappa": 0.30809812714323404,
  "true_positives": 38,
  "true_negatives": 41,
  "false_positives": 13,
  "false_negatives": 30,
  "test_loss": 0.6443831656799942,
  "test_accuracy": 0.5594452460573333,
  "per_source_metrics": {
    "BUS_UC": {
      "n_images": 122,
      "accuracy": 0.6475409836065574,
      "precision": 0.7450980392156863,
      "recall": 0.5588235294117647,
      "specificity": 0.7592592592592593,
      "f1": 0.6386554621848739,
      "auc": 0.7062908496732025
    }
  },
  "case_level_metrics": {
    "accuracy": 0.6475409836065574,
    "precision": 0.7450980392156863,
    "recall_sensitivity": 0.5588235294117647,
    "specificity": 0.7592592592592593,
    "f1_score": 0.6386554621848739,
    "f1_macro": 0.647327731092437,
    "f1_weighted": 0.6463325526932084,
    "roc_auc": 0.7062908496732025,
    "average_precision": 0.7035764544007408,
    "matthews_corrcoef": 0.3203149759772983,
    "cohen_kappa": 0.30809812714323404,
    "true_positives": 38,
    "true_negatives": 41,
    "false_positives": 13,
    "false_negatives": 30,
    "n_cases_total": 122,
    "n_cases_evaluated": 122,
    "n_cases_ambiguous_skipped": 0
  },
  "image_level_metrics": {
    "accuracy": 0.6475409836065574,
    "precision": 0.7450980392156863,
    "recall_sensitivity": 0.5588235294117647,
    "specificity": 0.7592592592592593,
    "f1_score": 0.6386554621848739,
    "f1_macro": 0.647327731092437,
    "f1_weighted": 0.6463325526932084,
    "roc_auc": 0.7062908496732025,
    "average_precision": 0.7035764544007408,
    "matthews_corrcoef": 0.3203149759772983,
    "cohen_kappa": 0.30809812714323404,
    "true_positives": 38,
    "true_negatives": 41,
    "false_positives": 13,
    "false_negatives": 30,
    "n_images": 122
  },
  "evaluation_level": "case_level",
  "accuracy_point_estimate": 0.6475409836065574,
  "accuracy_ci95_lower": 0.5594452460573333,
  "accuracy_ci95_upper": 0.7266286754439827,
  "accuracy_reporting": "wilson_95_lower_bound"
}