{
  "accuracy": 0.6187308107303047,
  "precision": 0.6818181818181818,
  "recall_sensitivity": 0.8823529411764706,
  "specificity": 0.48148148148148145,
  "f1_score": 0.7692307692307693,
  "f1_macro": 0.6800699300699301,
  "f1_weighted": 0.6903015017769117,
  "roc_auc": 0.7824074074074073,
  "average_precision": 0.8365983239309005,
  "matthews_corrcoef": 0.40306429399114835,
  "cohen_kappa": 0.3782559456398641,
  "true_positives": 60,
  "true_negatives": 26,
  "false_positives": 28,
  "false_negatives": 8,
  "test_loss": 0.5896741532888569,
  "test_accuracy": 0.6187308107303047,
  "per_source_metrics": {
    "BUS_UC": {
      "n_images": 122,
      "accuracy": 0.7049180327868853,
      "precision": 0.6818181818181818,
      "recall": 0.8823529411764706,
      "specificity": 0.48148148148148145,
      "f1": 0.7692307692307693,
      "auc": 0.7824074074074073
    }
  },
  "case_level_metrics": {
    "accuracy": 0.7049180327868853,
    "precision": 0.6818181818181818,
    "recall_sensitivity": 0.8823529411764706,
    "specificity": 0.48148148148148145,
    "f1_score": 0.7692307692307693,
    "f1_macro": 0.6800699300699301,
    "f1_weighted": 0.6903015017769117,
    "roc_auc": 0.7824074074074073,
    "average_precision": 0.8365983239309005,
    "matthews_corrcoef": 0.40306429399114835,
    "cohen_kappa": 0.3782559456398641,
    "true_positives": 60,
    "true_negatives": 26,
    "false_positives": 28,
    "false_negatives": 8,
    "n_cases_total": 122,
    "n_cases_evaluated": 122,
    "n_cases_ambiguous_skipped": 0
  },
  "image_level_metrics": {
    "accuracy": 0.7049180327868853,
    "precision": 0.6818181818181818,
    "recall_sensitivity": 0.8823529411764706,
    "specificity": 0.48148148148148145,
    "f1_score": 0.7692307692307693,
    "f1_macro": 0.6800699300699301,
    "f1_weighted": 0.6903015017769117,
    "roc_auc": 0.7824074074074073,
    "average_precision": 0.8365983239309005,
    "matthews_corrcoef": 0.40306429399114835,
    "cohen_kappa": 0.3782559456398641,
    "true_positives": 60,
    "true_negatives": 26,
    "false_positives": 28,
    "false_negatives": 8,
    "n_images": 122
  },
  "evaluation_level": "case_level",
  "accuracy_point_estimate": 0.7049180327868853,
  "accuracy_ci95_lower": 0.6187308107303047,
  "accuracy_ci95_upper": 0.7785940802437452,
  "accuracy_reporting": "wilson_95_lower_bound"
}