{
  "train_loss": [
    0.6943174975258963,
    0.6839326024055481,
    0.6614140578678676,
    0.6449054036821638,
    0.6390473808561052,
    0.633053593976157,
    0.6483360299042293,
    0.6230625825268882,
    0.6030763302530561,
    0.6111577664102826,
    0.5797629867281232,
    0.6021883130073548,
    0.6152642982346671,
    0.5990197079522269,
    0.5861090881483896
  ],
  "train_acc": [
    0.5464285714285714,
    0.5696428571428571,
    0.55,
    0.575,
    0.6214285714285714,
    0.6089285714285714,
    0.5821428571428572,
    0.575,
    0.6178571428571429,
    0.6625,
    0.6303571428571428,
    0.6035714285714285,
    0.6142857142857143,
    0.5589285714285714,
    0.6178571428571429
  ],
  "val_loss": [
    0.6655513341309595,
    0.6908674171713532,
    0.832118745710029,
    0.7025122456863279,
    0.7345526882859527,
    0.6600029097228753,
    0.6281130352958304,
    0.633086452718641,
    0.6247777215770034,
    0.6293694963220691,
    0.7008351419792801,
    0.6549353189155703,
    0.642599847473082,
    0.6303928152459567,
    0.6302155217186349
  ],
  "val_acc": [
    0.639344262295082,
    0.5327868852459017,
    0.3524590163934426,
    0.5163934426229508,
    0.4672131147540984,
    0.5901639344262295,
    0.6721311475409836,
    0.6721311475409836,
    0.6557377049180327,
    0.6311475409836066,
    0.5737704918032787,
    0.5983606557377049,
    0.6475409836065574,
    0.6311475409836066,
    0.6311475409836066
  ],
  "val_precision": [
    0.6842105263157895,
    0.7037037037037037,
    0.0,
    0.7380952380952381,
    0.8181818181818182,
    0.7230769230769231,
    0.7010309278350515,
    0.7294117647058823,
    0.6907216494845361,
    0.7073170731707317,
    0.8,
    0.734375,
    0.7432432432432432,
    0.7236842105263158,
    0.7125
  ],
  "val_recall": [
    0.8227848101265823,
    0.4810126582278481,
    0.0,
    0.3924050632911392,
    0.22784810126582278,
    0.5949367088607594,
    0.8607594936708861,
    0.7848101265822784,
    0.8481012658227848,
    0.7341772151898734,
    0.45569620253164556,
    0.5949367088607594,
    0.6962025316455697,
    0.6962025316455697,
    0.7215189873417721
  ],
  "val_f1": [
    0.7471264367816092,
    0.5714285714285714,
    0.0,
    0.512396694214876,
    0.3564356435643564,
    0.6527777777777778,
    0.7727272727272727,
    0.7560975609756098,
    0.7613636363636364,
    0.7204968944099379,
    0.5806451612903226,
    0.6573426573426573,
    0.7189542483660131,
    0.7096774193548387,
    0.7169811320754716
  ],
  "val_auc": [
    0.627759788048278,
    0.5840447453635561,
    0.5967029732116573,
    0.6100971445392993,
    0.6513099793935826,
    0.6489549602590522,
    0.6658816602884898,
    0.6570503385340006,
    0.6635266411539594,
    0.6727995289961731,
    0.6599941124521637,
    0.6649985281130408,
    0.6620547541948778,
    0.6750073594347955,
    0.6708860759493671
  ],
  "val_specificity": [
    0.3023255813953488,
    0.627906976744186,
    1.0,
    0.7441860465116279,
    0.9069767441860465,
    0.5813953488372093,
    0.32558139534883723,
    0.46511627906976744,
    0.3023255813953488,
    0.4418604651162791,
    0.7906976744186046,
    0.6046511627906976,
    0.5581395348837209,
    0.5116279069767442,
    0.46511627906976744
  ],
  "lr": [
    0.0003,
    2.9999999999999997e-05,
    2.9999999999999997e-05,
    2.957865635267775e-05,
    2.833911237197154e-05,
    2.6353405848480965e-05,
    2.3736938827601754e-05,
    2.0641770862116765e-05,
    1.7247781863702182e-05,
    1.3752218136297816e-05,
    1.0358229137883233e-05,
    7.263061172398241e-06,
    4.646594151519032e-06,
    2.6608876280284576e-06,
    1.4213436473222457e-06
  ],
  "overfit_gap": [
    -0.028766163394936872,
    0.006934814765805153,
    0.17070468784216142,
    0.057606842004164105,
    0.09550530742984742,
    0.026949315746718328,
    -0.020222994608398936,
    0.01002387019175277,
    0.021701391323947328,
    0.018211729911786434,
    0.12107215525115689,
    0.05274700590821557,
    0.027335549238414858,
    0.031373107293729774,
    0.04410643357024535
  ],
  "epoch_time": [
    43.80361461639404,
    44.49525189399719,
    44.407628536224365,
    44.5463969707489,
    43.59655475616455,
    50.5946741104126,
    47.19975304603577,
    47.04933953285217,
    47.56342840194702,
    48.010637283325195,
    48.414026737213135,
    47.40425658226013,
    45.915870666503906,
    45.011027097702026,
    44.78512263298035
  ],
  "training_time_seconds": 693.3990390300751,
  "best_epoch": 9
}