{
  "train_loss": [
    0.5778246749270786,
    0.48702716285938974,
    0.41462007509516524,
    0.3723354681923583,
    0.36980327404476143,
    0.3422494902983084,
    0.31931632667690424,
    0.32674061786663067,
    0.3213988513917894,
    0.3171073133881028,
    0.3047793043984307,
    0.30399364787895045,
    0.31826514099632297
  ],
  "train_acc": [
    0.722972972972973,
    0.6790540540540541,
    0.7120870870870871,
    0.7310435435435435,
    0.7396771771771772,
    0.7468093093093093,
    0.7424924924924925,
    0.7393018018018018,
    0.7537537537537538,
    0.7353603603603603,
    0.7582582582582582,
    0.7695195195195195,
    0.7599474474474475
  ],
  "val_loss": [
    0.6611451872737716,
    0.42085101136304354,
    0.3224323908318668,
    0.3953648585390435,
    0.3141046198276842,
    0.28127016065935123,
    0.3923080651728706,
    0.31986692587042115,
    0.454781181954488,
    0.33458934607753266,
    0.36205859483442593,
    0.35336379876531987,
    0.37016542275500425
  ],
  "val_acc": [
    0.6390395042602633,
    0.8443067389620449,
    0.9349341595662277,
    0.8783888458559257,
    0.9318357862122386,
    0.9558481797056545,
    0.8853601859024013,
    0.9349341595662277,
    0.8667699457784663,
    0.9318357862122386,
    0.9124709527498064,
    0.9233152594887684,
    0.9116963594113091
  ],
  "val_precision": [
    0.9871086556169429,
    1.0,
    1.0,
    1.0,
    0.9988998899889989,
    0.996822033898305,
    0.9988221436984688,
    0.9989047097480832,
    1.0,
    1.0,
    1.0,
    1.0,
    0.9988674971687429
  ],
  "val_recall": [
    0.5386934673366834,
    0.7979899497487437,
    0.9155778894472362,
    0.842211055276382,
    0.9125628140703518,
    0.9457286432160804,
    0.8522613065326633,
    0.9165829145728643,
    0.8271356783919598,
    0.9115577889447236,
    0.8864321608040201,
    0.9005025125628141,
    0.8864321608040201
  ],
  "val_f1": [
    0.6970091027308193,
    0.8876467300167692,
    0.9559286463798531,
    0.9143480632842335,
    0.9537815126050421,
    0.9706034038164002,
    0.9197396963123644,
    0.9559748427672956,
    0.9053905390539054,
    0.953732912723449,
    0.9397975492807672,
    0.9476467477525119,
    0.939297124600639
  ],
  "val_auc": [
    0.8968287382860247,
    0.9951972701344561,
    0.9930989406491919,
    0.9833525736792068,
    0.9835698764090723,
    0.9877648377020236,
    0.9767282357734619,
    0.981600570419666,
    0.9596105527638192,
    0.9795412875186745,
    0.9780473312508489,
    0.9780999592557381,
    0.9761306532663315
  ],
  "val_specificity": [
    0.9763513513513513,
    1.0,
    1.0,
    1.0,
    0.9966216216216216,
    0.9898648648648649,
    0.9966216216216216,
    0.9966216216216216,
    1.0,
    1.0,
    1.0,
    1.0,
    0.9966216216216216
  ],
  "lr": [
    0.0003,
    2.9999999999999997e-05,
    2.9999999999999997e-05,
    2.957865635267775e-05,
    2.833911237197154e-05,
    2.6353405848480965e-05,
    2.3736938827601754e-05,
    2.0641770862116765e-05,
    1.7247781863702182e-05,
    1.3752218136297816e-05,
    1.0358229137883233e-05,
    7.263061172398241e-06,
    4.646594151519032e-06
  ],
  "overfit_gap": [
    0.08332051234669302,
    -0.0661761514963462,
    -0.09218768426329843,
    0.02302939034668522,
    -0.05569865421707726,
    -0.06097932963895719,
    0.07299173849596635,
    -0.006873691996209519,
    0.1333823305626986,
    0.017482032689429883,
    0.05727929043599522,
    0.049370150886369424,
    0.05190028175868128
  ],
  "epoch_time": [
    74.3683488368988,
    123.34503269195557,
    123.69717764854431,
    124.25032043457031,
    122.90973901748657,
    124.32606267929077,
    124.46351051330566,
    123.43290781974792,
    117.62674641609192,
    119.34699296951294,
    111.80718803405762,
    112.9612946510315,
    122.2011091709137
  ],
  "training_time_seconds": 1528.270346879959,
  "best_epoch": 6
}