{
  "accuracy": 0.5776482949136899,
  "precision": 1.0,
  "recall_sensitivity": 0.8,
  "specificity": 1.0,
  "f1_score": 0.8888888888888888,
  "f1_macro": 0.8194444444444444,
  "f1_weighted": 0.8568376068376069,
  "roc_auc": 0.9666666666666668,
  "average_precision": 0.9909090909090909,
  "matthews_corrcoef": 0.6928203230275508,
  "cohen_kappa": 0.6486486486486487,
  "true_positives": 8,
  "true_negatives": 3,
  "false_positives": 0,
  "false_negatives": 2,
  "test_loss": 0.3169805255955355,
  "test_accuracy": 0.5776482949136899,
  "per_source_metrics": {
    "BreakHis": {
      "n_images": 1282,
      "accuracy": 0.8837753510140406,
      "precision": 0.9742212674543501,
      "recall": 0.8788759689922481,
      "specificity": 0.904,
      "f1": 0.9240957717778909,
      "auc": 0.9462751937984496
    }
  },
  "case_level_metrics": {
    "accuracy": 0.8461538461538461,
    "precision": 1.0,
    "recall_sensitivity": 0.8,
    "specificity": 1.0,
    "f1_score": 0.8888888888888888,
    "f1_macro": 0.8194444444444444,
    "f1_weighted": 0.8568376068376069,
    "roc_auc": 0.9666666666666668,
    "average_precision": 0.9909090909090909,
    "matthews_corrcoef": 0.6928203230275508,
    "cohen_kappa": 0.6486486486486487,
    "true_positives": 8,
    "true_negatives": 3,
    "false_positives": 0,
    "false_negatives": 2,
    "n_cases_total": 13,
    "n_cases_evaluated": 13,
    "n_cases_ambiguous_skipped": 0
  },
  "image_level_metrics": {
    "accuracy": 0.8837753510140406,
    "precision": 0.9742212674543501,
    "recall_sensitivity": 0.8788759689922481,
    "specificity": 0.904,
    "f1_score": 0.9240957717778909,
    "f1_macro": 0.8380878193332051,
    "f1_weighted": 0.8905513285467341,
    "roc_auc": 0.9462751937984496,
    "average_precision": 0.9870644648930011,
    "matthews_corrcoef": 0.6956237744009565,
    "cohen_kappa": 0.6789516321502163,
    "true_positives": 907,
    "true_negatives": 226,
    "false_positives": 24,
    "false_negatives": 125,
    "n_images": 1282
  },
  "evaluation_level": "case_level",
  "accuracy_point_estimate": 0.8461538461538461,
  "accuracy_ci95_lower": 0.5776482949136899,
  "accuracy_ci95_upper": 0.9567427368172621,
  "accuracy_reporting": "wilson_95_lower_bound"
}