{
  "accuracy": 0.5776482949136899,
  "precision": 1.0,
  "recall_sensitivity": 0.8,
  "specificity": 1.0,
  "f1_score": 0.8888888888888888,
  "f1_macro": 0.8194444444444444,
  "f1_weighted": 0.8568376068376069,
  "roc_auc": 0.9333333333333333,
  "average_precision": 0.9809090909090908,
  "matthews_corrcoef": 0.6928203230275508,
  "cohen_kappa": 0.6486486486486487,
  "true_positives": 8,
  "true_negatives": 3,
  "false_positives": 0,
  "false_negatives": 2,
  "test_loss": 0.4451909057807625,
  "test_accuracy": 0.5776482949136899,
  "per_source_metrics": {
    "BreakHis": {
      "n_images": 1282,
      "accuracy": 0.8096723868954758,
      "precision": 0.9701670644391408,
      "recall": 0.7877906976744186,
      "specificity": 0.9,
      "f1": 0.8695187165775401,
      "auc": 0.9194089147286821
    }
  },
  "case_level_metrics": {
    "accuracy": 0.8461538461538461,
    "precision": 1.0,
    "recall_sensitivity": 0.8,
    "specificity": 1.0,
    "f1_score": 0.8888888888888888,
    "f1_macro": 0.8194444444444444,
    "f1_weighted": 0.8568376068376069,
    "roc_auc": 0.9333333333333333,
    "average_precision": 0.9809090909090908,
    "matthews_corrcoef": 0.6928203230275508,
    "cohen_kappa": 0.6486486486486487,
    "true_positives": 8,
    "true_negatives": 3,
    "false_positives": 0,
    "false_negatives": 2,
    "n_cases_total": 13,
    "n_cases_evaluated": 13,
    "n_cases_ambiguous_skipped": 0
  },
  "image_level_metrics": {
    "accuracy": 0.8096723868954758,
    "precision": 0.9701670644391408,
    "recall_sensitivity": 0.7877906976744186,
    "specificity": 0.9,
    "f1_score": 0.8695187165775401,
    "f1_macro": 0.7589668510841592,
    "f1_weighted": 0.8264017643570328,
    "roc_auc": 0.9194089147286821,
    "average_precision": 0.97965614253036,
    "matthews_corrcoef": 0.5727335922729486,
    "cohen_kappa": 0.5315197661253123,
    "true_positives": 813,
    "true_negatives": 225,
    "false_positives": 25,
    "false_negatives": 219,
    "n_images": 1282
  },
  "evaluation_level": "case_level",
  "accuracy_point_estimate": 0.8461538461538461,
  "accuracy_ci95_lower": 0.5776482949136899,
  "accuracy_ci95_upper": 0.9567427368172621,
  "accuracy_reporting": "wilson_95_lower_bound"
}