{
  "train_loss": [
    0.5413876899011858,
    0.5153852063077348,
    0.4854816979205644,
    0.45366768583700107,
    0.4354624986738056,
    0.42987073130077785,
    0.41475181120472987,
    0.4226827037048053,
    0.4062162195150559,
    0.3994397820832135,
    0.39226098653969466,
    0.39420913871344143,
    0.39960858655405473,
    0.3880565166920871,
    0.3975054680316656
  ],
  "train_acc": [
    0.7575075075075075,
    0.6662912912912913,
    0.7010135135135135,
    0.7064564564564565,
    0.7124624624624625,
    0.7135885885885885,
    0.6974474474474475,
    0.7156531531531531,
    0.737424924924925,
    0.7220345345345346,
    0.7135885885885885,
    0.731418918918919,
    0.7012012012012012,
    0.7421171171171171,
    0.7149024024024024
  ],
  "val_loss": [
    0.4862453311935679,
    0.4253144089239314,
    0.4054362550897251,
    0.3733877179051997,
    0.361891212757016,
    0.32928925341732457,
    0.36222596500014076,
    0.3343500517579957,
    0.32312483772762424,
    0.3356507005938996,
    0.3430557987839561,
    0.35065932466852673,
    0.3265760001934932,
    0.3220588226451327,
    0.32195239575863993
  ],
  "val_acc": [
    0.8024786986831913,
    0.8404337722695585,
    0.8683191324554609,
    0.8946553059643687,
    0.9024012393493416,
    0.9450038729666925,
    0.900852052672347,
    0.9279628195197521,
    0.9372579395817195,
    0.9256390395042603,
    0.9132455460883037,
    0.9093725793958172,
    0.930286599535244,
    0.9295120061967467,
    0.9341595662277304
  ],
  "val_precision": [
    0.9920212765957447,
    0.9987357774968394,
    0.9987908101571947,
    0.9988385598141696,
    0.9988518943742825,
    0.9978448275862069,
    0.998849252013809,
    0.9977924944812362,
    0.9989082969432315,
    0.9977851605758582,
    0.9988700564971752,
    1.0,
    0.9988974641675854,
    0.9988962472406181,
    0.9989035087719298
  ],
  "val_recall": [
    0.749748743718593,
    0.7939698492462312,
    0.8301507537688442,
    0.864321608040201,
    0.8743718592964824,
    0.9306532663316583,
    0.8723618090452261,
    0.9085427135678392,
    0.9195979899497487,
    0.9055276381909547,
    0.8884422110552764,
    0.8824120603015075,
    0.9105527638190954,
    0.9095477386934674,
    0.9155778894472362
  ],
  "val_f1": [
    0.8540354894104178,
    0.8846584546472565,
    0.9066959385290889,
    0.9267241379310345,
    0.932475884244373,
    0.9630785231409257,
    0.9313304721030042,
    0.9510783798001052,
    0.957613814756672,
    0.9494204425711275,
    0.9404255319148936,
    0.9375333689268553,
    0.9526813880126183,
    0.9521304576538664,
    0.9554273728369166
  ],
  "val_auc": [
    0.9703144098872741,
    0.9915659377970936,
    0.9958033410294717,
    0.9964365747657206,
    0.9969068314545702,
    0.9972310878717914,
    0.9970477386934674,
    0.9977420888224908,
    0.9979984381366291,
    0.9971835528996333,
    0.9977624609534158,
    0.9975519489338585,
    0.9976639956539454,
    0.9975010186065462,
    0.9975044139617004
  ],
  "val_specificity": [
    0.9797297297297297,
    0.9966216216216216,
    0.9966216216216216,
    0.9966216216216216,
    0.9966216216216216,
    0.9932432432432432,
    0.9966216216216216,
    0.9932432432432432,
    0.9966216216216216,
    0.9932432432432432,
    0.9966216216216216,
    1.0,
    0.9966216216216216,
    0.9966216216216216,
    0.9966216216216216
  ],
  "lr": [
    0.0003,
    2.9999999999999997e-05,
    2.9999999999999997e-05,
    2.957865635267775e-05,
    2.833911237197154e-05,
    2.6353405848480965e-05,
    2.3736938827601754e-05,
    2.0641770862116765e-05,
    1.7247781863702182e-05,
    1.3752218136297816e-05,
    1.0358229137883233e-05,
    7.263061172398241e-06,
    4.646594151519032e-06,
    2.6608876280284576e-06,
    1.4213436473222457e-06
  ],
  "overfit_gap": [
    -0.05514235870761791,
    -0.09007079738380336,
    -0.08004544283083931,
    -0.08027996793180137,
    -0.07357128591678957,
    -0.10058147788345329,
    -0.05252584620458911,
    -0.08833265194680961,
    -0.08309138178743164,
    -0.06378908148931389,
    -0.049205187755738566,
    -0.0435498140449147,
    -0.07303258636056154,
    -0.06599769404695438,
    -0.07555307227302566
  ],
  "epoch_time": [
    64.09954643249512,
    66.33408641815186,
    66.78348803520203,
    66.86753344535828,
    67.24563336372375,
    66.5643937587738,
    66.76487922668457,
    67.74553775787354,
    67.28468418121338,
    67.05480432510376,
    67.3854329586029,
    67.04549908638,
    66.13572859764099,
    66.91739511489868,
    66.85639190673828
  ],
  "training_time_seconds": 1002.4315118789673,
  "best_epoch": 15
}