{
  "MobileViT_DDSM": {
    "accuracy": 0.9772473134582946,
    "precision": 1.0,
    "recall_sensitivity": 1.0,
    "specificity": 1.0,
    "f1_score": 1.0,
    "roc_auc": 1.0,
    "matthews_corrcoef": 1.0,
    "cohen_kappa": 1.0,
    "average_precision": 1.0,
    "true_positives": 89,
    "true_negatives": 76,
    "false_positives": 0,
    "false_negatives": 0,
    "training_time_minutes": 13.335603948434194
  },
  "EfficientViT_DDSM": {
    "accuracy": 0.9772473134582946,
    "precision": 1.0,
    "recall_sensitivity": 1.0,
    "specificity": 1.0,
    "f1_score": 1.0,
    "roc_auc": 1.0,
    "matthews_corrcoef": 1.0,
    "cohen_kappa": 1.0,
    "average_precision": 1.0,
    "true_positives": 89,
    "true_negatives": 76,
    "false_positives": 0,
    "false_negatives": 0,
    "training_time_minutes": 10.199147597948711
  },
  "HybridViT_DDSM": {
    "accuracy": 0.9772473134582946,
    "precision": 1.0,
    "recall_sensitivity": 1.0,
    "specificity": 1.0,
    "f1_score": 1.0,
    "roc_auc": 1.0,
    "matthews_corrcoef": 1.0,
    "cohen_kappa": 1.0,
    "average_precision": 1.0,
    "true_positives": 89,
    "true_negatives": 76,
    "false_positives": 0,
    "false_negatives": 0,
    "training_time_minutes": 15.469592503706615
  },
  "MobileViT_BreakHis": {
    "accuracy": 0.5776482949136899,
    "precision": 1.0,
    "recall_sensitivity": 0.8,
    "specificity": 1.0,
    "f1_score": 0.8888888888888888,
    "roc_auc": 0.9333333333333333,
    "matthews_corrcoef": 0.6928203230275508,
    "cohen_kappa": 0.6486486486486487,
    "average_precision": 0.9809090909090908,
    "true_positives": 8,
    "true_negatives": 3,
    "false_positives": 0,
    "false_negatives": 2,
    "training_time_minutes": 17.21130914290746
  },
  "EfficientViT_BreakHis": {
    "accuracy": 0.5776482949136899,
    "precision": 0.9,
    "recall_sensitivity": 0.9,
    "specificity": 0.6666666666666666,
    "f1_score": 0.9,
    "roc_auc": 0.9666666666666668,
    "matthews_corrcoef": 0.5666666666666667,
    "cohen_kappa": 0.5666666666666667,
    "average_precision": 0.9909090909090909,
    "true_positives": 9,
    "true_negatives": 2,
    "false_positives": 1,
    "false_negatives": 1,
    "training_time_minutes": 13.323626232147216
  },
  "HybridViT_BreakHis": {
    "accuracy": 0.5776482949136899,
    "precision": 1.0,
    "recall_sensitivity": 0.8,
    "specificity": 1.0,
    "f1_score": 0.8888888888888888,
    "roc_auc": 0.9666666666666668,
    "matthews_corrcoef": 0.6928203230275508,
    "cohen_kappa": 0.6486486486486487,
    "average_precision": 0.9909090909090909,
    "true_positives": 8,
    "true_negatives": 3,
    "false_positives": 0,
    "false_negatives": 2,
    "training_time_minutes": 26.029853332042695
  },
  "MobileViT_BUS_UC": {
    "accuracy": 0.5594452460573333,
    "precision": 0.7450980392156863,
    "recall_sensitivity": 0.5588235294117647,
    "specificity": 0.7592592592592593,
    "f1_score": 0.6386554621848739,
    "roc_auc": 0.7062908496732025,
    "matthews_corrcoef": 0.3203149759772983,
    "cohen_kappa": 0.30809812714323404,
    "average_precision": 0.7035764544007408,
    "true_positives": 38,
    "true_negatives": 41,
    "false_positives": 13,
    "false_negatives": 30,
    "training_time_minutes": 7.199561186631521
  },
  "EfficientViT_BUS_UC": {
    "accuracy": 0.6187308107303047,
    "precision": 0.6818181818181818,
    "recall_sensitivity": 0.8823529411764706,
    "specificity": 0.48148148148148145,
    "f1_score": 0.7692307692307693,
    "roc_auc": 0.7824074074074073,
    "matthews_corrcoef": 0.40306429399114835,
    "cohen_kappa": 0.3782559456398641,
    "average_precision": 0.8365983239309005,
    "true_positives": 60,
    "true_negatives": 26,
    "false_positives": 28,
    "false_negatives": 8,
    "training_time_minutes": 11.983430552482606
  },
  "HybridViT_BUS_UC": {
    "accuracy": 0.5427473656846497,
    "precision": 0.7254901960784313,
    "recall_sensitivity": 0.5441176470588235,
    "specificity": 0.7407407407407407,
    "f1_score": 0.6218487394957983,
    "roc_auc": 0.7726034858387799,
    "matthews_corrcoef": 0.286857418555012,
    "cohen_kappa": 0.27591664468477983,
    "average_precision": 0.7833470381472359,
    "true_positives": 37,
    "true_negatives": 40,
    "false_positives": 14,
    "false_negatives": 31,
    "training_time_minutes": 12.919477109114329
  }
}