{
  "train_loss": [
    0.35142472747125125,
    0.3582058585003803,
    0.34498329695902374,
    0.3375294533215071,
    0.34070358370479786,
    0.3438561240309163,
    0.34612973206921627,
    0.3090767382006896,
    0.3359726071357727,
    0.3232558145334846,
    0.3019583477785713,
    0.3428605239642294,
    0.32278359391187367,
    0.3045032745913455,
    0.308402051266871
  ],
  "train_acc": [
    0.9236842105263158,
    0.7276315789473684,
    0.7480263157894737,
    0.7638157894736842,
    0.7151315789473685,
    0.7921052631578948,
    0.7776315789473685,
    0.7572368421052632,
    0.7572368421052632,
    0.7723684210526316,
    0.7526315789473684,
    0.7421052631578947,
    0.7125,
    0.7572368421052632,
    0.7828947368421053
  ],
  "val_loss": [
    0.3092342764609244,
    0.28405359909173444,
    0.2587853632044717,
    0.24101637656380326,
    0.24589795974150816,
    0.23623633882976858,
    0.231396883209045,
    0.2273684208889489,
    0.23313301049572435,
    0.23120686708000557,
    0.22469470346763684,
    0.22787613555647973,
    0.22737608163702752,
    0.22946207117207043,
    0.2276747964722125
  ],
  "val_acc": [
    0.9652996845425867,
    0.9905362776025236,
    0.9936908517350158,
    1.0,
    1.0,
    1.0,
    1.0,
    1.0,
    1.0,
    1.0,
    1.0,
    1.0,
    1.0,
    1.0,
    1.0
  ],
  "val_precision": [
    0.9456521739130435,
    0.9942528735632183,
    0.9942857142857143,
    1.0,
    1.0,
    1.0,
    1.0,
    1.0,
    1.0,
    1.0,
    1.0,
    1.0,
    1.0,
    1.0,
    1.0
  ],
  "val_recall": [
    0.9942857142857143,
    0.9885714285714285,
    0.9942857142857143,
    1.0,
    1.0,
    1.0,
    1.0,
    1.0,
    1.0,
    1.0,
    1.0,
    1.0,
    1.0,
    1.0,
    1.0
  ],
  "val_f1": [
    0.9693593314763231,
    0.9914040114613181,
    0.9942857142857143,
    1.0,
    1.0,
    1.0,
    1.0,
    1.0,
    1.0,
    1.0,
    1.0,
    1.0,
    1.0,
    1.0,
    1.0
  ],
  "val_auc": [
    0.994466800804829,
    0.9993561368209255,
    0.9999597585513078,
    1.0,
    1.0,
    1.0,
    1.0,
    1.0,
    1.0,
    1.0,
    1.0,
    1.0,
    1.0,
    1.0,
    1.0
  ],
  "val_specificity": [
    0.9295774647887324,
    0.9929577464788732,
    0.9929577464788732,
    1.0,
    1.0,
    1.0,
    1.0,
    1.0,
    1.0,
    1.0,
    1.0,
    1.0,
    1.0,
    1.0,
    1.0
  ],
  "lr": [
    0.0003,
    2.9999999999999997e-05,
    2.9999999999999997e-05,
    2.957865635267775e-05,
    2.833911237197154e-05,
    2.6353405848480965e-05,
    2.3736938827601754e-05,
    2.0641770862116765e-05,
    1.7247781863702182e-05,
    1.3752218136297816e-05,
    1.0358229137883233e-05,
    7.263061172398241e-06,
    4.646594151519032e-06,
    2.6608876280284576e-06,
    1.4213436473222457e-06
  ],
  "overfit_gap": [
    -0.04219045101032687,
    -0.07415225940864584,
    -0.08619793375455204,
    -0.09651307675770382,
    -0.0948056239632897,
    -0.10761978520114773,
    -0.11473284886017127,
    -0.08170831731174069,
    -0.10283959664004835,
    -0.09204894745347905,
    -0.07726364431093444,
    -0.11498438840774966,
    -0.09540751227484615,
    -0.07504120341927509,
    -0.08072725479465848
  ],
  "epoch_time": [
    52.77179145812988,
    55.318076372146606,
    55.42834186553955,
    53.00932574272156,
    54.61015033721924,
    54.5373694896698,
    54.63681650161743,
    53.330570936203,
    55.91016173362732,
    53.377434730529785,
    54.04987597465515,
    53.86006212234497,
    49.92456340789795,
    39.95881748199463,
    38.18016004562378
  ],
  "training_time_seconds": 780.1433660984039,
  "best_epoch": 11
}