{
  "train_loss": [
    0.4083957123128991,
    0.3518656634970715,
    0.3249860509445793,
    0.3286990617450915,
    0.3215255911412992,
    0.31605121571766703,
    0.2957732526879562,
    0.3177972479870445,
    0.2997175420585432,
    0.2876650636133395,
    0.2744483867758199,
    0.301565608382225,
    0.2932221023659957,
    0.2813482723738018,
    0.29468826463347986
  ],
  "train_acc": [
    0.8894736842105263,
    0.7256578947368421,
    0.7651315789473684,
    0.7421052631578947,
    0.7717105263157895,
    0.7802631578947369,
    0.7513157894736842,
    0.7980263157894737,
    0.7776315789473685,
    0.8164473684210526,
    0.7375,
    0.756578947368421,
    0.7875,
    0.7427631578947368,
    0.7546052631578948
  ],
  "val_loss": [
    0.2554730099834478,
    0.25144335007065854,
    0.23939102747086846,
    0.21950395645027282,
    0.27623689325073914,
    0.21039238948175207,
    0.20911341797478192,
    0.2008371962357771,
    0.20679151367877935,
    0.20540321427940947,
    0.2000735492830397,
    0.2015838119603858,
    0.20268558337109321,
    0.20154068522648858,
    0.2023975666765159
  ],
  "val_acc": [
    0.9905362776025236,
    0.9936908517350158,
    1.0,
    1.0,
    0.9968454258675079,
    1.0,
    1.0,
    1.0,
    1.0,
    1.0,
    1.0,
    1.0,
    1.0,
    1.0,
    1.0
  ],
  "val_precision": [
    0.9831460674157303,
    1.0,
    1.0,
    1.0,
    0.9943181818181818,
    1.0,
    1.0,
    1.0,
    1.0,
    1.0,
    1.0,
    1.0,
    1.0,
    1.0,
    1.0
  ],
  "val_recall": [
    1.0,
    0.9885714285714285,
    1.0,
    1.0,
    1.0,
    1.0,
    1.0,
    1.0,
    1.0,
    1.0,
    1.0,
    1.0,
    1.0,
    1.0,
    1.0
  ],
  "val_f1": [
    0.9915014164305949,
    0.9942528735632183,
    1.0,
    1.0,
    0.9971509971509972,
    1.0,
    1.0,
    1.0,
    1.0,
    1.0,
    1.0,
    1.0,
    1.0,
    1.0,
    1.0
  ],
  "val_auc": [
    1.0,
    1.0,
    1.0,
    1.0,
    0.9999999999999999,
    1.0,
    0.9999999999999999,
    1.0,
    1.0,
    1.0,
    1.0,
    1.0,
    1.0,
    1.0,
    0.9999999999999999
  ],
  "val_specificity": [
    0.9788732394366197,
    1.0,
    1.0,
    1.0,
    0.9929577464788732,
    1.0,
    1.0,
    1.0,
    1.0,
    1.0,
    1.0,
    1.0,
    1.0,
    1.0,
    1.0
  ],
  "lr": [
    0.0003,
    2.9999999999999997e-05,
    2.9999999999999997e-05,
    2.957865635267775e-05,
    2.833911237197154e-05,
    2.6353405848480965e-05,
    2.3736938827601754e-05,
    2.0641770862116765e-05,
    1.7247781863702182e-05,
    1.3752218136297816e-05,
    1.0358229137883233e-05,
    7.263061172398241e-06,
    4.646594151519032e-06,
    2.6608876280284576e-06,
    1.4213436473222457e-06
  ],
  "overfit_gap": [
    -0.15292270232945132,
    -0.10042231342641295,
    -0.08559502347371081,
    -0.10919510529481868,
    -0.04528869789056006,
    -0.10565882623591497,
    -0.08665983471317426,
    -0.11696005175126742,
    -0.09292602837976383,
    -0.08226184933393002,
    -0.0743748374927802,
    -0.09998179642183921,
    -0.0905365189949025,
    -0.0798075871473132,
    -0.09229069795696396
  ],
  "epoch_time": [
    35.26256608963013,
    37.10817265510559,
    37.10007667541504,
    37.267622232437134,
    37.72801327705383,
    37.56822466850281,
    37.74536061286926,
    43.10071659088135,
    38.02197575569153,
    37.41522789001465,
    37.1648371219635,
    36.8770911693573,
    39.75788187980652,
    47.000200510025024,
    46.896464586257935
  ],
  "training_time_seconds": 586.7608053684235,
  "best_epoch": 11
}