{
  "train_loss": [
    0.49749259395642326,
    0.46444216169215535,
    0.42647024018091484,
    0.38950112623137395,
    0.3845720966835996,
    0.37017313402157287,
    0.35624536240960025,
    0.3522907248488418,
    0.3386723391555093,
    0.343656266729037,
    0.3275548608990403,
    0.3341730276385585
  ],
  "train_acc": [
    0.795045045045045,
    0.68993993993994,
    0.7124624624624625,
    0.7070195195195195,
    0.7411786786786787,
    0.7364864864864865,
    0.7340465465465466,
    0.7408033033033034,
    0.7655780780780781,
    0.7254129129129129,
    0.7473723723723724,
    0.743993993993994
  ],
  "val_loss": [
    0.38646380574457595,
    0.3013224902538991,
    0.5436605205377066,
    0.3093090793543505,
    0.2790278004270298,
    0.38024533062734683,
    0.37045521915282137,
    0.33391176846302545,
    0.28000391065197155,
    0.31906435930110244,
    0.3384041227544582,
    0.3041542071782739
  ],
  "val_acc": [
    0.8969790859798605,
    0.9496514329976762,
    0.7343144848954299,
    0.941130906274206,
    0.959721146398141,
    0.8830364058869093,
    0.8884585592563904,
    0.9225406661502711,
    0.959721146398141,
    0.9287374128582494,
    0.9163439194422928,
    0.9341595662277304
  ],
  "val_precision": [
    0.9976905311778291,
    0.9471153846153846,
    1.0,
    0.934720908230842,
    0.9865841073271414,
    0.9941451990632318,
    1.0,
    0.9988851727982163,
    0.9748237663645518,
    0.9881081081081081,
    1.0,
    0.9830148619957537
  ],
  "val_recall": [
    0.8683417085427135,
    0.9899497487437185,
    0.6552763819095477,
    0.992964824120603,
    0.9608040201005025,
    0.8532663316582915,
    0.8552763819095477,
    0.9005025125628141,
    0.9728643216080402,
    0.9185929648241206,
    0.8914572864321608,
    0.9306532663316583
  ],
  "val_f1": [
    0.9285330467490597,
    0.9680589680589681,
    0.7917425622343656,
    0.9629629629629629,
    0.9735234215885947,
    0.918334234721471,
    0.9219934994582882,
    0.9471458773784355,
    0.9738430583501007,
    0.9520833333333333,
    0.9426142401700319,
    0.9561177077955602
  ],
  "val_auc": [
    0.9961785277740051,
    0.9867122776042375,
    0.9936184299877768,
    0.9932432432432433,
    0.9900736792068451,
    0.9717947847344831,
    0.9808909411924488,
    0.9831624337905744,
    0.987387953279913,
    0.976750305581964,
    0.9824137579790847,
    0.9831828059214994
  ],
  "val_specificity": [
    0.9932432432432432,
    0.8141891891891891,
    1.0,
    0.7668918918918919,
    0.956081081081081,
    0.9831081081081081,
    1.0,
    0.9966216216216216,
    0.9155405405405406,
    0.9628378378378378,
    1.0,
    0.9459459459459459
  ],
  "lr": [
    0.0003,
    2.9999999999999997e-05,
    2.9999999999999997e-05,
    2.957865635267775e-05,
    2.833911237197154e-05,
    2.6353405848480965e-05,
    2.3736938827601754e-05,
    2.0641770862116765e-05,
    1.7247781863702182e-05,
    1.3752218136297816e-05,
    1.0358229137883233e-05,
    7.263061172398241e-06
  ],
  "overfit_gap": [
    -0.1110287882118473,
    -0.16311967143825623,
    0.1171902803567918,
    -0.08019204687702347,
    -0.1055442962565698,
    0.010072196605773964,
    0.014209856743221116,
    -0.018378956385816325,
    -0.05866842850353776,
    -0.024591907427934545,
    0.010849261855417902,
    -0.03001882046028459
  ],
  "epoch_time": [
    54.44166970252991,
    57.79257535934448,
    65.36930584907532,
    65.24044752120972,
    65.85033631324768,
    65.89944911003113,
    66.0159866809845,
    66.33930730819702,
    66.2237434387207,
    66.1313784122467,
    66.27007365226746,
    65.27283883094788
  ],
  "training_time_seconds": 771.2611606121063,
  "best_epoch": 5
}