{
  "accuracy": 0.5776482949136899,
  "precision": 0.9,
  "recall_sensitivity": 0.9,
  "specificity": 0.6666666666666666,
  "f1_score": 0.9,
  "f1_macro": 0.7833333333333333,
  "f1_weighted": 0.8461538461538461,
  "roc_auc": 0.9666666666666668,
  "average_precision": 0.9909090909090909,
  "matthews_corrcoef": 0.5666666666666667,
  "cohen_kappa": 0.5666666666666667,
  "true_positives": 9,
  "true_negatives": 2,
  "false_positives": 1,
  "false_negatives": 1,
  "test_loss": 0.3121460960733351,
  "test_accuracy": 0.5776482949136899,
  "per_source_metrics": {
    "BreakHis": {
      "n_images": 1282,
      "accuracy": 0.8642745709828393,
      "precision": 0.9350912778904665,
      "recall": 0.8934108527131783,
      "specificity": 0.744,
      "f1": 0.9137760158572844,
      "auc": 0.9263197674418604
    }
  },
  "case_level_metrics": {
    "accuracy": 0.8461538461538461,
    "precision": 0.9,
    "recall_sensitivity": 0.9,
    "specificity": 0.6666666666666666,
    "f1_score": 0.9,
    "f1_macro": 0.7833333333333333,
    "f1_weighted": 0.8461538461538461,
    "roc_auc": 0.9666666666666668,
    "average_precision": 0.9909090909090909,
    "matthews_corrcoef": 0.5666666666666667,
    "cohen_kappa": 0.5666666666666667,
    "true_positives": 9,
    "true_negatives": 2,
    "false_positives": 1,
    "false_negatives": 1,
    "n_cases_total": 13,
    "n_cases_evaluated": 13,
    "n_cases_ambiguous_skipped": 0
  },
  "image_level_metrics": {
    "accuracy": 0.8642745709828393,
    "precision": 0.9350912778904665,
    "recall_sensitivity": 0.8934108527131783,
    "specificity": 0.744,
    "f1_score": 0.9137760158572844,
    "f1_macro": 0.7975473485879829,
    "f1_weighted": 0.8684450223825179,
    "roc_auc": 0.9263197674418604,
    "average_precision": 0.9818769667564234,
    "matthews_corrcoef": 0.5993009878853245,
    "cohen_kappa": 0.5958708050408354,
    "true_positives": 922,
    "true_negatives": 186,
    "false_positives": 64,
    "false_negatives": 110,
    "n_images": 1282
  },
  "evaluation_level": "case_level",
  "accuracy_point_estimate": 0.8461538461538461,
  "accuracy_ci95_lower": 0.5776482949136899,
  "accuracy_ci95_upper": 0.9567427368172621,
  "accuracy_reporting": "wilson_95_lower_bound"
}