{
  "train_loss": [
    0.41397773294072404,
    0.404388060381538,
    0.3192504594200536,
    0.3077769233992225,
    0.28060536478695114,
    0.2746785741103323,
    0.28275779564129677,
    0.2825322692331515,
    0.2936855858878086,
    0.2681439980080253,
    0.2712915542878603,
    0.268980747931882,
    0.29999065148202997,
    0.2866887790592093
  ],
  "train_acc": [
    0.8592105263157894,
    0.7493421052631579,
    0.7526315789473684,
    0.7703947368421052,
    0.756578947368421,
    0.7263157894736842,
    0.7664473684210527,
    0.7802631578947369,
    0.7177631578947369,
    0.7309210526315789,
    0.7453947368421052,
    0.7592105263157894,
    0.7230263157894737,
    0.7513157894736842
  ],
  "val_loss": [
    0.3336517274943812,
    0.2115226840653254,
    0.2039215335334513,
    0.2000024354890318,
    0.2000252526923309,
    0.1998670425042745,
    0.1987731449235501,
    0.19946830096869061,
    0.2008087179074152,
    0.1993588665118353,
    0.19951187652368274,
    0.19938831712921334,
    0.1993254728215726,
    0.19890963340219264
  ],
  "val_acc": [
    0.943217665615142,
    1.0,
    1.0,
    1.0,
    1.0,
    1.0,
    1.0,
    1.0,
    1.0,
    1.0,
    1.0,
    1.0,
    1.0,
    1.0
  ],
  "val_precision": [
    0.9875776397515528,
    1.0,
    1.0,
    1.0,
    1.0,
    1.0,
    1.0,
    1.0,
    1.0,
    1.0,
    1.0,
    1.0,
    1.0,
    1.0
  ],
  "val_recall": [
    0.9085714285714286,
    1.0,
    1.0,
    1.0,
    1.0,
    1.0,
    1.0,
    1.0,
    1.0,
    1.0,
    1.0,
    1.0,
    1.0,
    1.0
  ],
  "val_f1": [
    0.9464285714285714,
    1.0,
    1.0,
    1.0,
    1.0,
    1.0,
    1.0,
    1.0,
    1.0,
    1.0,
    1.0,
    1.0,
    1.0,
    1.0
  ],
  "val_auc": [
    0.9882494969818914,
    1.0,
    1.0,
    1.0,
    1.0,
    1.0,
    0.9999999999999999,
    1.0,
    0.9999999999999999,
    1.0,
    1.0,
    1.0,
    1.0,
    1.0
  ],
  "val_specificity": [
    0.9859154929577465,
    1.0,
    1.0,
    1.0,
    1.0,
    1.0,
    1.0,
    1.0,
    1.0,
    1.0,
    1.0,
    1.0,
    1.0,
    1.0
  ],
  "lr": [
    0.0003,
    2.9999999999999997e-05,
    2.9999999999999997e-05,
    2.957865635267775e-05,
    2.833911237197154e-05,
    2.6353405848480965e-05,
    2.3736938827601754e-05,
    2.0641770862116765e-05,
    1.7247781863702182e-05,
    1.3752218136297816e-05,
    1.0358229137883233e-05,
    7.263061172398241e-06,
    4.646594151519032e-06,
    2.6608876280284576e-06
  ],
  "overfit_gap": [
    -0.08032600544634283,
    -0.19286537631621262,
    -0.11532892588660229,
    -0.10777448791019073,
    -0.08058011209462024,
    -0.0748115316060578,
    -0.08398465071774666,
    -0.08306396826446089,
    -0.09287686798039338,
    -0.06878513149619,
    -0.07177967776417754,
    -0.06959243080266864,
    -0.10066517866045738,
    -0.08777914565701667
  ],
  "epoch_time": [
    48.6719708442688,
    64.96651244163513,
    65.90178084373474,
    65.65500092506409,
    64.57370257377625,
    64.8638596534729,
    65.0965461730957,
    64.50616574287415,
    65.47003436088562,
    65.5831048488617,
    65.42592120170593,
    65.17954730987549,
    64.72129917144775,
    64.62066459655762
  ],
  "training_time_seconds": 899.4465198516846,
  "best_epoch": 7
}